Title,Year,Comments,Filename
,,,10005.html.noimages,and i be found
,,,10041.html.noimages, you be 
,,,10087.html.noimages, we be a, i be dretful, i be afraid,think i be a,think i be a,you i be in
,,,10109.html.noimages,watching you be a,perhaps you be angry
,,,10210.html.noimages,so he be dead
,,,10234.html.noimages,where you be halways
,,,10324.html.images,d i be mistaking
,,,10374.html.noimages,ll he be in
,,,10434-h.htm,than we be down
,,,10473.html.images, you be sensible, you be good,ll he be back
,,,10474.html.images,need they be the,need they be the
,,,10540.html.noimages,n i be now
,,,10549.html.images, she be his
,,,1056-h.htm,and i be happyon, you be judge
,,,1075-h.htm,wull he be knowun,wull you be thunkun,wull you be thunkun,wull you be thunkun
,,,10750.html.noimages,barred they be and
,,,10763.html.images,to you be denied
,,,10944.html.noimages,ll they be marryin
,,,10947.html.noimages,vill you be so, i be talk
,,,1096-h.htm, we be awkward,and she be a
,,,10973.html.noimages, you be gwine
,,,10988.html.images,and you be here
,,,11091.html.noimages,and they be cold
,,,11143.html.images, i be allowed
,,,11217.html.images,demanded they be managed
,,,11243-h.htm, we be nigger
,,,11409-h.htm,provided she be gone
,,,11501.html.noimages, i be danged, i be danged
,,,11512.html.noimages,and she be famous,no i be ding
,,,11546.html.images,and he be ruined
,,,11625-h.htm, you be afraid,now you be sure
,,,11639-h.htm,do you be accommodating
,,,1165.html.noimages,ever we be of,or we be lost
,,,11661.html.images,now we be here,and we be all
,,,11668.html.images, she be dam
,,,11719-h.htm,and we be glad
,,,11969.html.noimages,makes you be in
,,,11986.html.images,where i be and
,,,12084.html.noimages, he be living,and i be hideously
,,,12094.html.noimages,whomever he be who
,,,12106-h.htm,to you be the
,,,12190.html.noimages,need she be known
,,,12197.html.images,when you be in
,,,1224.html.noimages,and she be burnt
,,,1229.html.noimages,and she be burnt,ould you be now
,,,12347.html.images, she be called
,,,12386.html.noimages,things they be flowin,and i be then
,,,1239.html.images,ll we be off
,,,12436.html.noimages, i be damned
,,,12440.html.noimages,where i be when
,,,12570.html.images,help he be to
,,,1261.html.images,and he be permitted
,,,12663.html.noimages, i be homely,say i be indian, you be awful
,,,12763.html.images,ll i be doing, you be good,so you be more
,,,12797.html.noimages,condition they be taken,and you be sure
,,,12835.html.noimages, they be well
,,,12876.html.noimages, you be ready
,,,12884.html.images,contractors we be called
,,,12919.html.images,of you be in
,,,13050.html.images, you be mighty
,,,13073.html.noimages,here she be alongside
,,,13091.html.noimages,late you be too, we be men
,,,13106.html.noimages,or i be driven
,,,13184.html.noimages,and i be not
,,,13282.html.noimages,ll we be married
,,,13310.html.noimages,ware i be myself,here i be ez,here i be ,coz they be so
,,,13396.html.noimages,bye he be allers,gentleman he be kinder,mother she be prayin,lord he be wantin
,,,13515.html.noimages,and he be laid
,,,13583.html.noimages,soever they be for
,,,1365.html.noimages,pray you be seated,nor i be made
,,,13813.html.noimages, you be so
,,,14171.html.images, you be good, you be good
,,,14175.html.noimages,and you be my
,,,14242.html.noimages,where he be so
,,,14331.html.noimages,sunday you be here,and she be fair,and she be fair
,,,14615.html.noimages,and you be better
,,,14854.html.images,d i be kneelin
,,,15278.html.images, you be watching
,,,15317.html.noimages, she be a, she be a,there you be hanged
,,,15328.html.images, he be stowed, i be an,and you be a,and i be darned
,,,15382.html.images,so you be all
,,,15408.html.noimages, you be sure,make you be loving,why you be so, i be glad,and i be good, you be real,way you be acting,and you be good
,,,15422.html.images,so he be but
,,,15431.html.noimages,weel you be ver
,,,15470.html.noimages,thinking we be strangers
,,,15671.html.noimages,cusses they be in
,,,15854.html.noimages, he be not
,,,15862.html.noimages,is we be thy
,,,16491.html.images, they be fair
,,,1655-h.htm, i be all
,,,16583.html.noimages,so i be not,so we be equally,for we be all
,,,16752.html.noimages, we be decoits, we be men, we be men, we be decoits,while we be followers
,,,16803.html.noimages,like you be tired
,,,16976.html.noimages,mebbe you be fer
,,,17259.html.noimages,letting you be a
,,,17359.html.images, i be dam,do you be likewise
,,,17435-h.htm, he be not
,,,17481.html.noimages, i be what,times i be a
,,,17800.html.noimages,whosoever he be of
,,,17890.html.noimages,indeed he be not
,,,18171.html.noimages,whosoever he be of
,,,18257.html.noimages,suggesting he be stopped
,,,18286.html.noimages, you be so
,,,18366.html.images,ll he be doin
,,,18689.html.noimages,have you be bothered
,,,19647.html.images,bids you be courageous
,,,19970.html.noimages, you be good
,,,20424-h.htm, she be right,help you be patient,like you be part,reckon you be the
,,,2043.html.images,ere they be again
,,,20609-h.htm,prayer i be makin,place we be clearin,offen i be t,money i be makin,cloud you be seein,tam i be leevin,ll he be to
,,,20791.html.images,god they be good
,,,21090.html.noimages, he be not
,,,22146.html.noimages, you be de
,,,22804.html.noimages,and you be a,ll she be back, i be engaged
,,,2306.html.noimages,so he be dar, i be blessed,speck i be doin
,,,2357-h.htm, you be huldie, you be a, you be unbraiding
,,,23741.html.images,this we be just
,,,2384.html.noimages,lessen he be a, you be at
,,,2427-h.htm,ll she be abore
,,,24306.html.images,here i be a
,,,24483.html.images,god i be not,do you be stone
,,,24617-h.htm, i be french, i be leetle, i be follerin, he be von, you be broders,say you be very
,,,2474-h.htm, you be home
,,,2489.html.noimages,den you be angel
,,,24963-h.htm,ere i be home
,,,2501.html.noimages, i be hanged
,,,2506-h.htm, i be away, you be explaining
,,,2673.html.noimages,until they be nigh
,,,26828.html.noimages,because he be longed,whosoever he be of
,,,28391.html.noimages,like you be now,of you be whipped
,,,28524.html.images, they be th
,,,28544.html.images,and you be phlegmatic
,,,28545.html.images,likely you be one,have you be anything
,,,28877.html.noimages,now you be the
,,,2983.html.noimages,rises you be seated
,,,2984.html.images, they be offered
,,,30863.html.images, i be alla
,,,31122.html.images,hyar i be goin, i be sent, i be at, i be , i be ,think she be the, he be , i be a, i be sorter, i be goin, i be goin
,,,3136.html.noimages,until they be nigh
,,,3200.html.noimages,until they be five,kin they be up,so we be the, we be done,sith they be of, we be bad, we be loving, i be ding, i be bound, they be not,and he be such, they be of,and they be all,for we be perilous,and they be the,here we be three,than you be this,of you be older,ordinance he be forced
,,,3252.html.noimages,and she be fair, i be came, we be hold,or i be the
,,,3274.html.noimages,and she be with
,,,32985.html.images, you be the
,,,33.html.noimages, he be a
,,,3368.html.noimages, you be a,then you be a
,,,3370.html.noimages,ll he be in
,,,3400.html.images, you be a,then you be a,ll he be in,here i be talkin,disgrace you be hind, you be explaining
,,,3405.html.noimages,here i be talkin
,,,3406.html.images,disgrace you be hind
,,,3417.html.images,and she be compelled
,,,34861-h.htm,fog we be all,and i be ignorant
,,,36159.html.images, we be abraham, you be here
,,,3667.html.noimages,where i be it
,,,3732.html.images,pose you be an,thar you be deluded,where you be an
,,,37412-h.html,ll he be when
,,,379-h.htm, he be a
,,,40527-h.htm,when you be gone
,,,40572-h.htm, you be mighty,like you be cooked,day we be havin
,,,40726-h.htm,ll she be wishin
,,,40853-h.htm,and i be damned
,,,409.html.images,by you be shun
,,,41592-h.htm,and i be more
,,,41598-h.htm, you be er, you be ole
,,,42190-h.htm, he be in
,,,42268-h.htm,of you be shot
,,,42740-h.htm, you be helpful
,,,42835-h.htm,think i be ,then i be a,mad i be with,ll i be payin,there she be now, i be too, i be always,boats they be sighted, i be allus,mammy she be allus,whoever he be , we be goin,for they be irish, we be livin,things they be to,why i be a, they be all,so we be all, i be glad, she be marryin,now she be married, she be such
,,,42925-h.htm, he be ole
,,,43135-h.htm,and he be on
,,,43489-h.htm, i be good
,,,43749-h.htm, i be damn
,,,44182-h.htm,an he be your,an i be not
,,,4528.html.noimages,when he be headed,when we be at
,,,46008-h.htm,and he be suspected
,,,4676.html.noimages,wretch you be for
,,,4677.html.images,or she be cheerful,ere he be put
,,,4789.html.noimages,letting you be locked
,,,4944-h.htm,came you be so
,,,4959.html.noimages, you be an,have you be cautious
,,,5008.html.noimages, she be allowed,suggested they be repeated
,,,5062.html.images,teach you be pilot,teach you be good,queeck you be home,ink i be millionaire
,,,5099.html.noimages,need i be plainer
,,,5271.html.noimages,do they be settin
,,,5309.html.images, i be blankety,of you be punished,me i be wuss
,,,5320.html.noimages,pose i be a,and he be sent
,,,5365.html.noimages,and you be just
,,,5368.html.images, he be leukin,indeed you be mr
,,,5369.html.images, he be not
,,,5370.html.noimages,pray you be calm
,,,5372.html.noimages,pray you be quiet
,,,5400.html.images,and they be grand,and you be just, he be leukin,indeed you be mr, he be not,pray you be calm,pray you be quiet
,,,5433.html.images,and he be unable,nor she be compelled
,,,5437.html.images,and i be my
,,,5438.html.noimages,fudge she be made
,,,554.html.images,do you be a
,,,567.html.noimages,indeed she be studying,armed she be in
,,,5695.html.images, you be more
,,,5699.html.images,or i be mad
,,,5703.html.images, i be glad,for i be its
,,,5719-h.htm,hours he be taken, we be handicapped,ever i be captured
,,,5757.html.noimages, you be quiet
,,,5769.html.images, we be far,then you be ready
,,,579.html.images,and she be burnt,ould you be now
,,,5797.html.noimages,morning you be in, you be int
,,,5817.html.images,where you be and
,,,5871.html.noimages,need i be more
,,,5953.html.images, you be the, you be a
,,,5965.html.images,or i be mad
,,,6058.html.images,of you be kind, i be damned
,,,6065.html.images,ll she be on
,,,6082.html.noimages,of you be on
,,,6102.html.images, you be a,of you be comfortable
,,,6103.html.noimages,stops you be right
,,,6105.html.noimages,only they be useless
,,,617.html.noimages,so you be one
,,,6176.html.images,ll you be through
,,,6184.html.images, i be a, i be a
,,,6186.html.images, i be happy
,,,6220.html.images, i be sore
,,,6228.html.images,and i be none
,,,6235.html.images, he be of
,,,6250.html.noimages, i be watching
,,,6256.html.images, we be three
,,,6259.html.noimages, they be sendin
,,,6261.html.noimages,so they be not
,,,6263.html.images,do i be working
,,,6270.html.noimages,brave they be who
,,,6283.html.images,have you be ruler
,,,6292.html.noimages,have you be anything
,,,6311.html.noimages,and he be commended
,,,6316.html.images,day we be free
,,,6345.html.images,fear she be dead
,,,6352.html.images,and she be far
,,,6353.html.images,do you be equally
,,,6376.html.noimages, they be braw, i be satisfied
,,,6412.html.noimages,pose i be too
,,,6423.html.noimages,so they be pursued,and she be fair
,,,6474.html.images, you be pretty
,,,6584.html.images, they be surprised
,,,6592.html.noimages,for they be no,leave you be for
,,,6627.html.images, i be ,tell you be off
,,,6695.html.images,now you be cursed
,,,6719.html.noimages,doan you be , she be a,fool he be den,oughtener he be sot
,,,6738.html.noimages,whatever i be i
,,,6805.html.noimages,here you be younger
,,,6826.html.images, i be able
,,,6827.html.noimages, you be there
,,,6854.html.images,sure they be bestowed,twigs they be foyl, they be banished
,,,6987.html.noimages,and i be very
,,,6997.html.images,day he be for
,,,7034.html.images,so he be not
,,,7062.html.images,because they be quiet, you be to, you be to,because they be quiet
,,,7063.html.images,and he be restored
,,,7087.html.noimages,and he be exposed,then we be great
,,,710-h.htm, we be too
,,,7184.html.noimages,so you be up
,,,7239.html.noimages, i be dog
,,,7431.html.noimages,and i be not
,,,7796.html.noimages,and i be strong
,,,7800.html.images,thogh i be long
,,,7928.html.noimages,know we be its
,,,822.html.noimages,for i be poseidon
,,,8448.html.images,until they be realised
,,,8462.html.images, i be livin
,,,8645.html.images, they be brought
,,,8664.html.noimages,make you be horrid
,,,8771.html.images,and i be kin,do you be back
,,,9196.html.images,where you be and,perhaps they be a
,,,937.html.noimages, i be 
,,,9374.html.images, you be to,and i be to,and we be to,and we be to,and i be to, you be to,him i be to,so i be to, you be to,and i be to,books i be to, they be four
,,,9378.html.noimages, you be thinking
,,,9488.html.noimages,and i be brave
,,,9489.html.noimages,did you be bad,provided she be endowed,see you be mean
,,,9560.html.noimages,work i be not
,,,9575.html.images,there you be closely
,,,9578.html.images,day we be free
,,,9587.html.images,here they be much,here we be no, i be permitted,when they be cut,because they be generally
,,,9591.html.images,thence he be committed
,,,9606.html.images,so she be kind
,,,9775.html.images,in you be dead
,,,9794.html.images, you be at, you be a
,,,9801.html.noimages,paroisse she be invite,tam you be poor, i be riche, he be de, i be goin, i be tole,en i be leevin,en i be travel, i be t,musique i be fancy,tam i be sleepin,far she be flyin,hard you be workin,den you be let,day she be his,year she be go
,,,9816.html.noimages, you be here
,,,9846.html.images,until they be all
,,,9864.html.noimages, you be the
,,,9905.html.images,now we be happi, you be sure
,,,9927.html.noimages,and he be free
